image_path,repair_cost
/content/data3a/training/01-minor/0206.JPEG,2529
/content/data3a/training/01-minor/0070.JPEG,2805
/content/data3a/training/01-minor/0069.JPEG,1073
/content/data3a/training/01-minor/0021.JPEG,2048
/content/data3a/training/01-minor/0046.JPEG,4382
/content/data3a/training/01-minor/0224.JPEG,3683
/content/data3a/training/01-minor/0167.JPEG,2482
/content/data3a/training/01-minor/0123.JPEG,2131
/content/data3a/training/01-minor/0006.JPEG,2494
/content/data3a/training/01-minor/0058.JPEG,2982
/content/data3a/training/01-minor/0215.jpeg,2519
/content/data3a/training/01-minor/0102.JPEG,3903
/content/data3a/training/01-minor/0256.JPEG,3335
/content/data3a/training/01-minor/0116.JPEG,4018
/content/data3a/training/01-minor/0171.JPEG,1465
/content/data3a/training/01-minor/download (22).jpeg,1663
/content/data3a/training/01-minor/0247.JPEG,3893
/content/data3a/training/01-minor/0245.jpeg,3884
/content/data3a/training/01-minor/download (36).jpeg,3276
/content/data3a/training/01-minor/9b8bc805f7bf4c7ba7ecd1224a99b0c6_thb.jpg,4497
/content/data3a/training/01-minor/0062.JPEG,3779
/content/data3a/training/01-minor/download (20).jpeg,1555
/content/data3a/training/01-minor/0055.JPEG,2674
/content/data3a/training/01-minor/0148.JPEG,3475
/content/data3a/training/01-minor/images (17).jpeg,1494
/content/data3a/training/01-minor/0189.JPEG,2386
/content/data3a/training/01-minor/0191.JPEG,3719
/content/data3a/training/01-minor/0177.JPEG,4135
/content/data3a/training/01-minor/0156.JPEG,4982
/content/data3a/training/01-minor/0034.JPEG,3960
/content/data3a/training/01-minor/images (51).jpeg,1887
/content/data3a/training/01-minor/0153.JPEG,3947
/content/data3a/training/01-minor/images (74).jpeg,1687
/content/data3a/training/01-minor/0030.JPEG,3045
/content/data3a/training/01-minor/0254.JPEG,4392
/content/data3a/training/01-minor/0002.JPEG,1535
/content/data3a/training/01-minor/0037.JPEG,3778
/content/data3a/training/01-minor/0260.JPEG,3541
/content/data3a/training/01-minor/fcce1fb1731b4c2e9db32075d48a4200_thb.jpg,1130
/content/data3a/training/01-minor/0127.JPEG,4973
/content/data3a/training/01-minor/0119.JPEG,4373
/content/data3a/training/01-minor/0140.JPEG,3251
/content/data3a/training/01-minor/0220.JPEG,3790
/content/data3a/training/01-minor/0012.JPEG,1040
/content/data3a/training/01-minor/images (31).jpeg,4215
/content/data3a/training/01-minor/images (72).jpeg,4517
/content/data3a/training/01-minor/images (34).jpeg,3829
/content/data3a/training/01-minor/0033.JPEG,4613
/content/data3a/training/01-minor/0197.JPEG,1132
/content/data3a/training/01-minor/images (62).jpeg,4064
/content/data3a/training/01-minor/0057.JPEG,3928
/content/data3a/training/01-minor/0022.JPEG,1256
/content/data3a/training/01-minor/0097.JPEG,4060
/content/data3a/training/01-minor/a5dbc724-654f-4886-a744-2dd91f81b697.jpeg,2882
/content/data3a/training/01-minor/0255.JPEG,2999
/content/data3a/training/01-minor/0185.JPEG,2923
/content/data3a/training/01-minor/images (75).jpeg,4890
/content/data3a/training/01-minor/0213.jpeg,2225
/content/data3a/training/01-minor/images (9).jpeg,4781
/content/data3a/training/01-minor/images (65).jpeg,2087
/content/data3a/training/01-minor/images (30).jpeg,3286
/content/data3a/training/01-minor/0013.JPEG,2753
/content/data3a/training/01-minor/0214.JPEG,1013
/content/data3a/training/01-minor/images (27).jpeg,3874
/content/data3a/training/01-minor/0202.JPEG,3648
/content/data3a/training/01-minor/0135.JPEG,2141
/content/data3a/training/01-minor/images (77).jpeg,4489
/content/data3a/training/01-minor/images (79).jpeg,1620
/content/data3a/training/01-minor/0101.JPEG,1969
/content/data3a/training/01-minor/download (24).jpeg,3859
/content/data3a/training/01-minor/download (9).jpeg,2697
/content/data3a/training/01-minor/0264.JPEG,2402
/content/data3a/training/01-minor/0238.JPEG,3384
/content/data3a/training/01-minor/download (29).jpeg,3270
/content/data3a/training/01-minor/0221.JPEG,1709
/content/data3a/training/01-minor/980e7f8c0c61405ca31db96964a1f273_thb.jpg,2999
/content/data3a/training/01-minor/0178.JPEG,4009
/content/data3a/training/01-minor/0039.JPEG,4150
/content/data3a/training/01-minor/download (7).jpeg,1338
/content/data3a/training/01-minor/0008.JPEG,2782
/content/data3a/training/01-minor/0257.JPEG,1803
/content/data3a/training/01-minor/images (87).jpeg,4411
/content/data3a/training/01-minor/0270.jpeg,4558
/content/data3a/training/01-minor/download (19).jpeg,1434
/content/data3a/training/01-minor/0054.jpeg,1007
/content/data3a/training/01-minor/0133.JPEG,3120
/content/data3a/training/01-minor/0040.JPEG,1783
/content/data3a/training/01-minor/0268.JPEG,2297
/content/data3a/training/01-minor/0051.JPEG,4369
/content/data3a/training/01-minor/0142.JPEG,3184
/content/data3a/training/01-minor/0218.JPEG,4271
/content/data3a/training/01-minor/images (40).jpeg,2637
/content/data3a/training/01-minor/images (33).jpeg,2650
/content/data3a/training/01-minor/0043.JPEG,2619
/content/data3a/training/01-minor/images (19).jpeg,3206
/content/data3a/training/01-minor/0073.JPEG,1554
/content/data3a/training/01-minor/0088.JPEG,3573
/content/data3a/training/01-minor/0227.JPEG,4815
/content/data3a/training/01-minor/0241.JPEG,2838
/content/data3a/training/01-minor/0230.JPEG,3209
/content/data3a/training/01-minor/0131.jpeg,2622
/content/data3a/training/01-minor/0163.JPEG,3464
/content/data3a/training/01-minor/images - 2022-12-12T151416.541.jpeg,4521
/content/data3a/training/01-minor/download (25).jpeg,1853
/content/data3a/training/01-minor/528a4004455e447c9014fddc82cf6a9c_thb.jpg,4303
/content/data3a/training/01-minor/0090.JPEG,1043
/content/data3a/training/01-minor/0079.JPEG,3731
/content/data3a/training/01-minor/images (88).jpeg,1692
/content/data3a/training/01-minor/0071.JPEG,4062
/content/data3a/training/01-minor/0217.JPEG,4336
/content/data3a/training/01-minor/0229.JPEG,2666
/content/data3a/training/01-minor/0019.JPEG,3573
/content/data3a/training/01-minor/0154.JPEG,2871
/content/data3a/training/01-minor/download (4).jpeg,2382
/content/data3a/training/01-minor/images (89).jpeg,3417
/content/data3a/training/01-minor/0205.JPEG,3472
/content/data3a/training/01-minor/0124.JPEG,4543
/content/data3a/training/01-minor/images (10).jpeg,2781
/content/data3a/training/01-minor/images (6).jpeg,4402
/content/data3a/training/01-minor/images (43).jpeg,1680
/content/data3a/training/01-minor/images - 2022-12-12T151416.652.jpeg,4889
/content/data3a/training/01-minor/a64194eb0f4042698385780d79172bb2_thb.jpg,1309
/content/data3a/training/01-minor/0161.JPEG,2412
/content/data3a/training/01-minor/0111.JPEG,4929
/content/data3a/training/01-minor/0121.JPEG,1536
/content/data3a/training/01-minor/0235.JPEG,3424
/content/data3a/training/01-minor/0174.JPEG,2311
/content/data3a/training/01-minor/images (54).jpeg,3409
/content/data3a/training/01-minor/images (92).jpeg,4201
/content/data3a/training/01-minor/0029.JPEG,3317
/content/data3a/training/01-minor/0125.JPEG,3811
/content/data3a/training/01-minor/images (61).jpeg,1589
/content/data3a/training/01-minor/0164.JPEG,1393
/content/data3a/training/01-minor/0083.JPEG,2040
/content/data3a/training/01-minor/0234.JPEG,3825
/content/data3a/training/01-minor/0276.JPEG,3749
/content/data3a/training/01-minor/0152.JPEG,3800
/content/data3a/training/01-minor/0275.JPEG,3827
/content/data3a/training/01-minor/0200.JPEG,1410
/content/data3a/training/01-minor/images - 2022-12-12T151411.784.jpeg,3983
/content/data3a/training/01-minor/0145.JPEG,1197
/content/data3a/training/01-minor/0263.JPEG,2476
/content/data3a/training/01-minor/0082.JPEG,1008
/content/data3a/training/01-minor/b3a8a0c19cfe4546afef689e11de2116_thb.jpg,1910
/content/data3a/training/01-minor/0004.JPEG,1611
/content/data3a/training/01-minor/images (97).jpeg,1315
/content/data3a/training/01-minor/download (30).jpeg,2070
/content/data3a/training/01-minor/images (46).jpeg,2323
/content/data3a/training/01-minor/0009.JPEG,1641
/content/data3a/training/01-minor/images (3).jpeg,4960
/content/data3a/training/01-minor/download (1).jpeg,4312
/content/data3a/training/01-minor/0016.JPEG,1897
/content/data3a/training/01-minor/0151.JPEG,4647
/content/data3a/training/01-minor/0139.JPEG,2267
/content/data3a/training/01-minor/4875af79812244aca89fcef6e9d0dd9e_thb.jpg,4047
/content/data3a/training/01-minor/0251.JPEG,4666
/content/data3a/training/01-minor/0045.JPEG,4301
/content/data3a/training/01-minor/0244.JPEG,4511
/content/data3a/training/01-minor/images - 2022-12-12T151413.771.jpeg,4237
/content/data3a/training/01-minor/images (25).jpeg,1171
/content/data3a/training/01-minor/download (11).jpeg,1257
/content/data3a/training/01-minor/images - 2022-12-12T151413.832.jpeg,4373
/content/data3a/training/01-minor/images (56).jpeg,4248
/content/data3a/training/01-minor/0173.JPEG,1121
/content/data3a/training/01-minor/download (34).jpeg,2345
/content/data3a/training/01-minor/0092.JPEG,4508
/content/data3a/training/01-minor/images (83).jpeg,4306
/content/data3a/training/01-minor/0259.JPEG,3699
/content/data3a/training/01-minor/0266.JPEG,1294
/content/data3a/training/01-minor/0157.JPEG,3937
/content/data3a/training/01-minor/0061.jpeg,3817
/content/data3a/training/01-minor/0182.JPEG,4112
/content/data3a/training/01-minor/0195.JPEG,3965
/content/data3a/training/01-minor/0032.JPEG,2334
/content/data3a/training/01-minor/0228.JPEG,2830
/content/data3a/training/01-minor/0184.JPEG,1741
/content/data3a/training/01-minor/0188.JPEG,3065
/content/data3a/training/01-minor/0219.JPEG,2917
/content/data3a/training/01-minor/images (64).jpeg,4652
/content/data3a/training/01-minor/download (27).jpeg,1537
/content/data3a/training/01-minor/0059.JPEG,2480
/content/data3a/training/01-minor/0248.JPEG,4954
/content/data3a/training/01-minor/0084.JPEG,3449
/content/data3a/training/01-minor/download (13).jpeg,3728
/content/data3a/training/01-minor/2fd5a7d45a7d4bce8c15f2f6c89a0494_thb.jpg,4223
/content/data3a/training/01-minor/0007.JPEG,4412
/content/data3a/training/01-minor/images - 2022-12-12T151417.660.jpeg,4227
/content/data3a/training/01-minor/0258.JPEG,1617
/content/data3a/training/01-minor/0129.JPEG,3112
/content/data3a/training/01-minor/0080.JPEG,3297
/content/data3a/training/01-minor/0181.JPEG,3511
/content/data3a/training/01-minor/download (37).jpeg,1113
/content/data3a/training/01-minor/images (35).jpeg,3424
/content/data3a/training/01-minor/0018.JPEG,3347
/content/data3a/training/01-minor/0158.JPEG,3062
/content/data3a/training/01-minor/0052.JPEG,4351
/content/data3a/training/01-minor/6f6b78efc99646d4bac55c206c25c62f_thb.jpg,2927
/content/data3a/training/01-minor/download (17).jpeg,2225
/content/data3a/training/01-minor/images (63).jpeg,1695
/content/data3a/training/01-minor/0020.JPEG,2412
/content/data3a/training/01-minor/0165.JPEG,2071
/content/data3a/training/01-minor/0160.JPEG,3094
/content/data3a/training/01-minor/images (66).jpeg,3452
/content/data3a/training/01-minor/0120.JPEG,2808
/content/data3a/training/01-minor/images - 2022-12-12T151418.705.jpeg,2969
/content/data3a/training/01-minor/download.jpeg,4263
/content/data3a/training/01-minor/download (31).jpeg,1868
/content/data3a/training/01-minor/0204.JPEG,3468
/content/data3a/training/01-minor/images - 2022-12-12T151415.502.jpeg,2374
/content/data3a/training/01-minor/0231.JPEG,1155
/content/data3a/training/01-minor/0068.JPEG,1715
/content/data3a/training/01-minor/images (57).jpeg,2320
/content/data3a/training/01-minor/0274.JPEG,1999
/content/data3a/training/01-minor/0269.JPEG,3494
/content/data3a/training/01-minor/0137.JPEG,2851
/content/data3a/training/01-minor/images (1).jpeg,2453
/content/data3a/training/01-minor/images (8).jpeg,3861
/content/data3a/training/01-minor/images (4).jpeg,1383
/content/data3a/training/01-minor/0003.JPEG,1792
/content/data3a/training/01-minor/0237.JPEG,2769
/content/data3a/training/01-minor/0225.JPEG,3663
/content/data3a/training/01-minor/images (12).jpeg,3353
/content/data3a/training/01-minor/0078.JPEG,4380
/content/data3a/training/01-minor/0096.JPEG,1484
/content/data3a/training/01-minor/0110.JPEG,4373
/content/data3a/training/01-minor/images (14).jpeg,4851
/content/data3a/training/01-minor/0038.JPEG,1997
/content/data3a/training/01-minor/0144.JPEG,3658
/content/data3a/training/01-minor/0076.JPEG,2673
/content/data3a/training/01-minor/images - 2022-12-12T151411.728.jpeg,3703
/content/data3a/training/01-minor/images (22).jpeg,3365
/content/data3a/training/01-minor/0159.JPEG,3340
/content/data3a/training/01-minor/images (49).jpeg,1474
/content/data3a/training/01-minor/images (28).jpeg,4490
/content/data3a/training/01-minor/images (98).jpeg,4765
/content/data3a/training/01-minor/0138.JPEG,1410
/content/data3a/training/01-minor/0277.JPEG,1309
/content/data3a/training/01-minor/1b449d39f45b45e5b4250f3c54ff9e95_thb.jpg,4411
/content/data3a/training/01-minor/0017.JPEG,1908
/content/data3a/training/01-minor/0132.JPEG,4435
/content/data3a/training/01-minor/images - 2022-12-12T151420.569.jpeg,4338
/content/data3a/training/01-minor/images - 2022-12-12T151414.520.jpeg,4041
/content/data3a/training/01-minor/0196.JPEG,1651
/content/data3a/training/01-minor/d7b5bbc55c644166809a7230b098c301_thb.jpg,3343
/content/data3a/training/01-minor/images (70).jpeg,3621
/content/data3a/training/01-minor/0098.JPEG,4905
/content/data3a/training/01-minor/0226.JPEG,4067
/content/data3a/training/01-minor/download (33).jpeg,4561
/content/data3a/training/01-minor/0168.JPEG,1196
/content/data3a/training/01-minor/0246.JPEG,4028
/content/data3a/training/01-minor/images (21).jpeg,1915
/content/data3a/training/01-minor/0115.JPEG,3105
/content/data3a/training/01-minor/0278.jpeg,2656
/content/data3a/training/01-minor/0203.JPEG,3323
/content/data3a/training/01-minor/0141.JPEG,2517
/content/data3a/training/01-minor/0176.JPEG,1277
/content/data3a/training/01-minor/images (93).jpeg,2426
/content/data3a/training/01-minor/0271.JPEG,2103
/content/data3a/training/01-minor/0273.JPEG,1951
/content/data3a/training/01-minor/0095.JPEG,1817
/content/data3a/training/01-minor/0166.JPEG,1453
/content/data3a/training/01-minor/0044.JPEG,4594
/content/data3a/training/01-minor/0216.JPEG,2179
/content/data3a/training/01-minor/0122.JPEG,4788
/content/data3a/training/01-minor/0010.JPEG,2721
/content/data3a/training/01-minor/0114.JPEG,1613
/content/data3a/training/01-minor/images (73).jpeg,4809
/content/data3a/training/01-minor/images (37).jpeg,3582
/content/data3a/training/01-minor/0089.JPEG,2667
/content/data3a/training/01-minor/images (91).jpeg,1119
/content/data3a/training/01-minor/0064.JPEG,2377
/content/data3a/training/01-minor/0074.JPEG,2387
/content/data3a/training/01-minor/0267.JPEG,1699
/content/data3a/training/01-minor/0048.JPEG,3124
/content/data3a/training/01-minor/0094.JPEG,1228
/content/data3a/training/01-minor/images (38).jpeg,3254
/content/data3a/training/01-minor/images (59).jpeg,1389
/content/data3a/training/01-minor/0249.JPEG,4284
/content/data3a/training/01-minor/0136.JPEG,3771
/content/data3a/training/01-minor/0050.JPEG,1775
/content/data3a/training/01-minor/images (60).jpeg,3606
/content/data3a/training/01-minor/images (82).jpeg,2214
/content/data3a/training/01-minor/images (18).jpeg,1586
/content/data3a/training/01-minor/images - 2022-12-12T151416.035.jpeg,3819
/content/data3a/training/01-minor/download (12).jpeg,4865
/content/data3a/training/01-minor/0072.JPEG,4062
/content/data3a/training/01-minor/download (3).jpeg,2844
/content/data3a/training/01-minor/download (32).jpeg,1885
/content/data3a/training/01-minor/download (5).jpeg,2792
/content/data3a/training/01-minor/download (38).jpeg,3493
/content/data3a/training/01-minor/0175.JPEG,1368
/content/data3a/training/01-minor/a888f89ee9f04541a06096e7424f08fb_thb.jpg,2263
/content/data3a/training/01-minor/images (23).jpeg,2595
/content/data3a/training/01-minor/0192.JPEG,4426
/content/data3a/training/01-minor/0143.JPEG,2507
/content/data3a/training/01-minor/images (16).jpeg,2186
/content/data3a/training/01-minor/0201.JPEG,2659
/content/data3a/training/01-minor/9b1b6c577d0947ada4a1b792a583f1aa_thb.jpg,2051
/content/data3a/training/01-minor/images (41).jpeg,4481
/content/data3a/training/01-minor/0093.JPEG,3456
/content/data3a/training/01-minor/download (18).jpeg,2835
/content/data3a/training/01-minor/0172.JPEG,2083
/content/data3a/training/01-minor/0147.JPEG,2307
/content/data3a/training/01-minor/d3ab4d0329d34c95bf09369aac45b599_thb.jpg,2952
/content/data3a/training/01-minor/0170.JPEG,4572
/content/data3a/training/01-minor/download (23).jpeg,4318
/content/data3a/training/01-minor/0103.JPEG,3754
/content/data3a/training/01-minor/images (47).jpeg,2692
/content/data3a/training/01-minor/0209.JPEG,2622
/content/data3a/training/01-minor/0232.JPEG,3328
/content/data3a/training/01-minor/images (58).jpeg,2472
/content/data3a/training/01-minor/24ea719faf0f4117888c83c58fa94762_thb.jpg,1283
/content/data3a/training/01-minor/images (20).jpeg,2962
/content/data3a/training/01-minor/0086.JPEG,3419
/content/data3a/training/01-minor/images.jpeg,2619
/content/data3a/training/01-minor/0041.JPEG,2051
/content/data3a/training/01-minor/images (44).jpeg,3595
/content/data3a/training/01-minor/0193.JPEG,4223
/content/data3a/training/01-minor/0d8d5b6bf50a4e7f9b63d83f3a254b55_thb.jpg,2321
/content/data3a/training/01-minor/0091.JPEG,4392
/content/data3a/training/01-minor/0212.JPEG,2316
/content/data3a/training/01-minor/0199.JPEG,1679
/content/data3a/training/01-minor/0014.JPEG,2880
/content/data3a/training/01-minor/0253.jpeg,4061
/content/data3a/training/01-minor/images - 2022-12-12T151411.008.jpeg,1286
/content/data3a/training/01-minor/0150.JPEG,2295
/content/data3a/training/01-minor/0060.JPEG,1740
/content/data3a/training/01-minor/images (26).jpeg,2819
/content/data3a/training/01-minor/0077.JPEG,2519
/content/data3a/training/01-minor/0027.JPEG,4181
/content/data3a/training/01-minor/0126.JPEG,1405
/content/data3a/training/01-minor/0272.JPEG,4921
/content/data3a/training/01-minor/0169.JPEG,2944
/content/data3a/training/01-minor/0105.JPEG,4477
/content/data3a/training/01-minor/0186.JPEG,2091
/content/data3a/training/01-minor/0198.JPEG,1059
/content/data3a/training/01-minor/images - 2022-12-13T213955.259.jpeg,4806
/content/data3a/training/01-minor/0223.JPEG,4789
/content/data3a/training/01-minor/0099.JPEG,1934
/content/data3a/training/01-minor/0250.JPEG,1049
/content/data3a/training/01-minor/0087.JPEG,4049
/content/data3a/training/01-minor/0067.JPEG,3342
/content/data3a/training/01-minor/download (35).jpeg,4512
/content/data3a/training/01-minor/images (45).jpeg,1920
/content/data3a/training/01-minor/download (21).jpeg,2582
/content/data3a/training/01-minor/a3c01267e2674f488911328012ccb039_thb.jpg,4084
/content/data3a/training/01-minor/0240.JPEG,1353
/content/data3a/training/01-minor/0187.JPEG,1710
/content/data3a/training/01-minor/0005.JPEG,1355
/content/data3a/training/01-minor/0036.JPEG,4962
/content/data3a/training/01-minor/download (28).jpeg,1229
/content/data3a/training/01-minor/0025.JPEG,3553
/content/data3a/training/01-minor/images - 2022-12-13T213955.297.jpeg,4952
/content/data3a/training/01-minor/0183.JPEG,3321
/content/data3a/training/01-minor/images (76).jpeg,3511
/content/data3a/training/01-minor/0236.JPEG,3122
/content/data3a/training/01-minor/0242.JPEG,3061
/content/data3a/training/01-minor/0100.JPEG,2433
/content/data3a/training/01-minor/images (71).jpeg,3223
/content/data3a/training/01-minor/0026.JPEG,1961
/content/data3a/training/01-minor/0104.JPEG,4680
/content/data3a/training/01-minor/images - 2022-12-12T151418.111.jpeg,3138
/content/data3a/training/01-minor/0024.JPEG,2780
/content/data3a/training/01-minor/0211.jpeg,3530
/content/data3a/training/01-minor/images - 2022-12-12T151413.058.jpeg,2253
/content/data3a/training/01-minor/download (26).jpeg,1636
/content/data3a/training/01-minor/0239.JPEG,1639
/content/data3a/training/01-minor/download (10).jpeg,1388
/content/data3a/training/01-minor/0081.JPEG,4089
/content/data3a/training/01-minor/0207.JPEG,4830
/content/data3a/training/01-minor/0112.JPEG,1116
/content/data3a/training/01-minor/images - 2022-12-12T151413.251.jpeg,2272
/content/data3a/training/01-minor/download (16).jpeg,1003
/content/data3a/training/01-minor/images (39).jpeg,1469
/content/data3a/training/01-minor/images (5).jpeg,2949
/content/data3a/training/01-minor/0053.JPEG,3964
/content/data3a/training/01-minor/images - 2022-12-12T151418.125.jpeg,3131
/content/data3a/training/01-minor/images (7).jpeg,1656
/content/data3a/training/01-minor/e6fc41f1d1c84530b623c6cb180b2afb_thb.jpg,2445
/content/data3a/training/01-minor/0262.JPEG,1810
/content/data3a/training/01-minor/0180.JPEG,3911
/content/data3a/training/01-minor/0015.JPEG,2366
/content/data3a/training/01-minor/0194.JPEG,1227
/content/data3a/training/01-minor/download (6).jpeg,3584
/content/data3a/training/01-minor/images (52).jpeg,3795
/content/data3a/training/01-minor/0118.JPEG,4196
/content/data3a/training/01-minor/images - 2022-12-12T151418.172.jpeg,1810
/content/data3a/training/01-minor/53d79ee77e3e4a1ba50a0a5bcd06e2ae_thb.jpg,2028
/content/data3a/training/01-minor/0109.JPEG,3176
/content/data3a/training/01-minor/0210.JPEG,2641
/content/data3a/training/01-minor/images - 2022-12-12T151411.669.jpeg,2602
/content/data3a/training/01-minor/0011.JPEG,1880
/content/data3a/training/01-minor/images - 2022-12-12T151413.666.jpeg,3826
/content/data3a/training/01-minor/images (48).jpeg,1577
/content/data3a/training/01-minor/0155.JPEG,2991
/content/data3a/training/01-minor/0049.JPEG,1330
/content/data3a/training/01-minor/0190.JPEG,2068
/content/data3a/training/01-minor/images (15).jpeg,1458
/content/data3a/training/01-minor/images (53).jpeg,2866
/content/data3a/training/01-minor/0065.JPEG,1770
/content/data3a/training/01-minor/0056.JPEG,2789
/content/data3a/training/01-minor/0042.JPEG,4821
/content/data3a/training/01-minor/images (99).jpeg,3474
/content/data3a/training/01-minor/0066.JPEG,2485
/content/data3a/training/01-minor/0108.JPEG,2518
/content/data3a/training/01-minor/0222.JPEG,3507
/content/data3a/training/01-minor/images (2).jpeg,2796
/content/data3a/training/01-minor/0035.jpeg,1396
/content/data3a/training/01-minor/0243.JPEG,3408
/content/data3a/training/01-minor/0113.JPEG,4510
/content/data3a/training/01-minor/images (78).jpeg,1916
/content/data3a/training/01-minor/0117.JPEG,2187
/content/data3a/training/01-minor/0162.JPEG,1706
/content/data3a/training/01-minor/download (15).jpeg,4498
/content/data3a/training/01-minor/0047.JPEG,3585
/content/data3a/training/01-minor/0208.JPEG,2792
/content/data3a/training/01-minor/images (24).jpeg,3846
/content/data3a/training/01-minor/0261.JPEG,4893
/content/data3a/training/01-minor/0233.JPEG,4158
/content/data3a/training/01-minor/0134.jpeg,4228
/content/data3a/training/01-minor/images (42).jpeg,4079
/content/data3a/training/01-minor/0252.JPEG,4824
/content/data3a/training/01-minor/images (13).jpeg,4800
/content/data3a/training/01-minor/images (32).jpeg,3079
/content/data3a/training/01-minor/images (11).jpeg,2771
/content/data3a/training/01-minor/0063.JPEG,1037
/content/data3a/training/01-minor/download (2).jpeg,3220
/content/data3a/training/01-minor/0149.JPEG,2455
/content/data3a/training/01-minor/download (8).jpeg,3358
/content/data3a/training/01-minor/0106.JPEG,3429
/content/data3a/training/01-minor/0179.JPEG,2393
/content/data3a/training/01-minor/download (14).jpeg,3098
/content/data3a/training/01-minor/0028.JPEG,2029
/content/data3a/training/01-minor/0023.JPEG,4712
/content/data3a/training/01-minor/0146.JPEG,2431
/content/data3a/training/01-minor/0265.JPEG,1911
/content/data3a/training/01-minor/f1db84b589e54f898958c912112934c7_thb.jpg,2261
/content/data3a/training/01-minor/0001.JPEG,1360
/content/data3a/training/01-minor/images (50).jpeg,2334
/content/data3a/training/01-minor/ef2b325bcc164d6a8e834a57448b9343_thb.jpg,2662
/content/data3a/training/01-minor/0130.JPEG,2631
/content/data3a/training/01-minor/0075.JPEG,3629
/content/data3a/training/01-minor/images - 2022-12-12T151413.100.jpeg,1153
/content/data3a/training/01-minor/images (29).jpeg,3557
/content/data3a/training/01-minor/0085.JPEG,2076
/content/data3a/training/01-minor/0107.JPEG,2041
/content/data3a/training/01-minor/93a450440c804961b2d6960af17bf605_thb.jpg,2797
/content/data3a/training/01-minor/0128.JPEG,2859
/content/data3a/training/01-minor/images - 2022-12-12T151419.050.jpeg,3490
/content/data3a/training/01-minor/images (55).jpeg,4314
/content/data3a/training/01-minor/images (36).jpeg,4433
/content/data3a/training/01-minor/0031.JPEG,2072
/content/data3a/training/02-moderate/0206.JPEG,13884
/content/data3a/training/02-moderate/0070.JPEG,8401
/content/data3a/training/02-moderate/0069.JPEG,6240
/content/data3a/training/02-moderate/9da25ae9e03d4726aec50985c77a9730_thb.jpg,14433
/content/data3a/training/02-moderate/images - 2022-12-13T215956.191.jpeg,7267
/content/data3a/training/02-moderate/0021.JPEG,12686
/content/data3a/training/02-moderate/0046.JPEG,5839
/content/data3a/training/02-moderate/0287.JPEG,6393
/content/data3a/training/02-moderate/0224.JPEG,13892
/content/data3a/training/02-moderate/0167.JPEG,12742
/content/data3a/training/02-moderate/0123.JPEG,13152
/content/data3a/training/02-moderate/0006.JPEG,7143
/content/data3a/training/02-moderate/0058.JPEG,12452
/content/data3a/training/02-moderate/0284.JPEG,14614
/content/data3a/training/02-moderate/0102.JPEG,7449
/content/data3a/training/02-moderate/0256.JPEG,10152
/content/data3a/training/02-moderate/0116.JPEG,5465
/content/data3a/training/02-moderate/0171.JPEG,14815
/content/data3a/training/02-moderate/0306.JPEG,13116
/content/data3a/training/02-moderate/0309.JPEG,11955
/content/data3a/training/02-moderate/0247.JPEG,13601
/content/data3a/training/02-moderate/0279.JPEG,13434
/content/data3a/training/02-moderate/0215.JPEG,8612
/content/data3a/training/02-moderate/0062.JPEG,5034
/content/data3a/training/02-moderate/dbd9de5e80a340c6a775a647ab32b27f_thb.jpg,6315
/content/data3a/training/02-moderate/download (20).jpeg,13922
/content/data3a/training/02-moderate/2497b894c0514209a2310265d5946c9f_thb.jpg,10727
/content/data3a/training/02-moderate/0055.JPEG,13763
/content/data3a/training/02-moderate/0148.JPEG,11570
/content/data3a/training/02-moderate/0189.JPEG,12733
/content/data3a/training/02-moderate/0191.JPEG,11235
/content/data3a/training/02-moderate/0177.JPEG,5656
/content/data3a/training/02-moderate/0095.jpeg,9612
/content/data3a/training/02-moderate/0156.JPEG,12053
/content/data3a/training/02-moderate/0034.JPEG,11741
/content/data3a/training/02-moderate/images (51).jpeg,14212
/content/data3a/training/02-moderate/0153.JPEG,9254
/content/data3a/training/02-moderate/images (74).jpeg,5705
/content/data3a/training/02-moderate/0030.JPEG,14383
/content/data3a/training/02-moderate/images (81).jpeg,11275
/content/data3a/training/02-moderate/0254.JPEG,13510
/content/data3a/training/02-moderate/0002.JPEG,12569
/content/data3a/training/02-moderate/0037.JPEG,5450
/content/data3a/training/02-moderate/0127.JPEG,13285
/content/data3a/training/02-moderate/e4ee5ca6a91c45a583aec23c0e7f2b3e_thb.jpg,10121
/content/data3a/training/02-moderate/0119.JPEG,6239
/content/data3a/training/02-moderate/0140.JPEG,8597
/content/data3a/training/02-moderate/0220.JPEG,11404
/content/data3a/training/02-moderate/0012.JPEG,14599
/content/data3a/training/02-moderate/images (31).jpeg,14587
/content/data3a/training/02-moderate/images (72).jpeg,12602
/content/data3a/training/02-moderate/images (34).jpeg,9530
/content/data3a/training/02-moderate/0033.JPEG,9517
/content/data3a/training/02-moderate/0197.JPEG,11432
/content/data3a/training/02-moderate/images (62).jpeg,12898
/content/data3a/training/02-moderate/0057.JPEG,8219
/content/data3a/training/02-moderate/0022.JPEG,8966
/content/data3a/training/02-moderate/0097.JPEG,6399
/content/data3a/training/02-moderate/0255.JPEG,8812
/content/data3a/training/02-moderate/images (75).jpeg,11245
/content/data3a/training/02-moderate/images (9).jpeg,11712
/content/data3a/training/02-moderate/0064.jpeg,11014
/content/data3a/training/02-moderate/images (65).jpeg,11575
/content/data3a/training/02-moderate/0305.JPEG,6701
/content/data3a/training/02-moderate/0077.jpeg,13856
/content/data3a/training/02-moderate/images (30).jpeg,6780
/content/data3a/training/02-moderate/images (111).jpeg,5044
/content/data3a/training/02-moderate/0013.JPEG,12322
/content/data3a/training/02-moderate/0214.JPEG,6176
/content/data3a/training/02-moderate/0297.JPEG,6614
/content/data3a/training/02-moderate/0202.JPEG,11358
/content/data3a/training/02-moderate/0135.JPEG,13442
/content/data3a/training/02-moderate/images (95).jpeg,12949
/content/data3a/training/02-moderate/images (77).jpeg,5458
/content/data3a/training/02-moderate/1dbc1bd213e74c8598e6874de9b55c53_thb.jpg,7664
/content/data3a/training/02-moderate/images (79).jpeg,11062
/content/data3a/training/02-moderate/0101.JPEG,13458
/content/data3a/training/02-moderate/download (9).jpeg,5487
/content/data3a/training/02-moderate/0264.JPEG,12738
/content/data3a/training/02-moderate/0238.JPEG,11996
/content/data3a/training/02-moderate/0221.JPEG,7236
/content/data3a/training/02-moderate/0178.JPEG,12580
/content/data3a/training/02-moderate/0039.JPEG,13845
/content/data3a/training/02-moderate/0008.JPEG,9016
/content/data3a/training/02-moderate/0257.JPEG,6472
/content/data3a/training/02-moderate/images (87).jpeg,8235
/content/data3a/training/02-moderate/0133.JPEG,14595
/content/data3a/training/02-moderate/0040.JPEG,14356
/content/data3a/training/02-moderate/0268.JPEG,8530
/content/data3a/training/02-moderate/06069fefa2294ca9a4bd4e3c146ede53_thb.jpg,10330
/content/data3a/training/02-moderate/0051.JPEG,11569
/content/data3a/training/02-moderate/0142.JPEG,7687
/content/data3a/training/02-moderate/0218.JPEG,11660
/content/data3a/training/02-moderate/0089.jpeg,7175
/content/data3a/training/02-moderate/images (40).jpeg,13923
/content/data3a/training/02-moderate/0043.JPEG,13222
/content/data3a/training/02-moderate/0073.JPEG,6733
/content/data3a/training/02-moderate/images - 2022-12-13T213955.098.jpeg,7016
/content/data3a/training/02-moderate/0088.JPEG,13974
/content/data3a/training/02-moderate/0227.JPEG,13917
/content/data3a/training/02-moderate/0230.JPEG,5164
/content/data3a/training/02-moderate/0163.JPEG,7617
/content/data3a/training/02-moderate/download (25).jpeg,6073
/content/data3a/training/02-moderate/images (100).jpeg,8245
/content/data3a/training/02-moderate/0299.JPEG,6059
/content/data3a/training/02-moderate/0090.JPEG,11767
/content/data3a/training/02-moderate/images (67).jpeg,11126
/content/data3a/training/02-moderate/0079.JPEG,8484
/content/data3a/training/02-moderate/images (88).jpeg,13685
/content/data3a/training/02-moderate/0315.jpeg,12575
/content/data3a/training/02-moderate/0071.JPEG,7041
/content/data3a/training/02-moderate/0302.JPEG,10339
/content/data3a/training/02-moderate/0293.JPEG,14653
/content/data3a/training/02-moderate/0217.JPEG,13177
/content/data3a/training/02-moderate/0229.JPEG,11203
/content/data3a/training/02-moderate/0019.JPEG,5709
/content/data3a/training/02-moderate/0260.jpeg,13625
/content/data3a/training/02-moderate/0154.JPEG,10522
/content/data3a/training/02-moderate/0298.JPEG,10394
/content/data3a/training/02-moderate/images (89).jpeg,11809
/content/data3a/training/02-moderate/0205.JPEG,11026
/content/data3a/training/02-moderate/images (96).jpeg,5562
/content/data3a/training/02-moderate/0124.JPEG,9906
/content/data3a/training/02-moderate/images (10).jpeg,8910
/content/data3a/training/02-moderate/images (6).jpeg,12344
/content/data3a/training/02-moderate/0161.JPEG,9211
/content/data3a/training/02-moderate/0111.JPEG,10784
/content/data3a/training/02-moderate/0121.JPEG,12262
/content/data3a/training/02-moderate/0235.JPEG,13956
/content/data3a/training/02-moderate/0174.JPEG,10174
/content/data3a/training/02-moderate/images (54).jpeg,6967
/content/data3a/training/02-moderate/0143.jpeg,5657
/content/data3a/training/02-moderate/images (92).jpeg,10340
/content/data3a/training/02-moderate/0029.JPEG,9557
/content/data3a/training/02-moderate/0125.JPEG,11921
/content/data3a/training/02-moderate/images (61).jpeg,13773
/content/data3a/training/02-moderate/images (80).jpeg,13644
/content/data3a/training/02-moderate/a38b006aacb1497e8df20e103e3028d3_thb.jpg,10475
/content/data3a/training/02-moderate/0164.JPEG,8109
/content/data3a/training/02-moderate/images (108).jpeg,9031
/content/data3a/training/02-moderate/d5b47650-0a70-46b0-95d8-2dd27de62574.jpeg,14017
/content/data3a/training/02-moderate/0083.JPEG,13410
/content/data3a/training/02-moderate/0234.JPEG,6736
/content/data3a/training/02-moderate/images - 2022-12-13T213955.147.jpeg,10547
/content/data3a/training/02-moderate/acbea92ddc494768bd7117cecfe93400_thb.jpg,11962
/content/data3a/training/02-moderate/0276.JPEG,5569
/content/data3a/training/02-moderate/0152.JPEG,11784
/content/data3a/training/02-moderate/0275.JPEG,13987
/content/data3a/training/02-moderate/0200.JPEG,7377
/content/data3a/training/02-moderate/0145.JPEG,5976
/content/data3a/training/02-moderate/0263.JPEG,10061
/content/data3a/training/02-moderate/0082.JPEG,12404
/content/data3a/training/02-moderate/0004.JPEG,9756
/content/data3a/training/02-moderate/images (97).jpeg,14359
/content/data3a/training/02-moderate/0131.JPEG,6025
/content/data3a/training/02-moderate/images (46).jpeg,8330
/content/data3a/training/02-moderate/0009.JPEG,8389
/content/data3a/training/02-moderate/images (3).jpeg,11555
/content/data3a/training/02-moderate/0016.JPEG,10231
/content/data3a/training/02-moderate/0312.JPEG,6479
/content/data3a/training/02-moderate/0151.JPEG,10447
/content/data3a/training/02-moderate/images - 2022-12-12T151413.195.jpeg,11056
/content/data3a/training/02-moderate/0139.JPEG,14993
/content/data3a/training/02-moderate/0045.JPEG,14960
/content/data3a/training/02-moderate/0244.JPEG,11346
/content/data3a/training/02-moderate/images (25).jpeg,12562
/content/data3a/training/02-moderate/images (104).jpeg,7177
/content/data3a/training/02-moderate/download (11).jpeg,11455
/content/data3a/training/02-moderate/images (56).jpeg,9266
/content/data3a/training/02-moderate/0173.JPEG,12846
/content/data3a/training/02-moderate/0092.JPEG,13037
/content/data3a/training/02-moderate/563c8da63e1b4b4dbcc0fe6581b224a1_thb.jpg,13637
/content/data3a/training/02-moderate/images (83).jpeg,6168
/content/data3a/training/02-moderate/0259.JPEG,14687
/content/data3a/training/02-moderate/images - 2022-12-12T151411.576.jpeg,5418
/content/data3a/training/02-moderate/0266.JPEG,10294
/content/data3a/training/02-moderate/0157.JPEG,10716
/content/data3a/training/02-moderate/0061.jpeg,5691
/content/data3a/training/02-moderate/4a6b5f174a914cd393dbd11f32902c7e_thb.jpg,5393
/content/data3a/training/02-moderate/0182.JPEG,12669
/content/data3a/training/02-moderate/0195.JPEG,13439
/content/data3a/training/02-moderate/0032.JPEG,5689
/content/data3a/training/02-moderate/images (107).jpeg,12098
/content/data3a/training/02-moderate/0228.JPEG,8205
/content/data3a/training/02-moderate/0184.JPEG,12915
/content/data3a/training/02-moderate/0188.JPEG,14429
/content/data3a/training/02-moderate/0219.JPEG,10640
/content/data3a/training/02-moderate/images (90).jpeg,6361
/content/data3a/training/02-moderate/images (64).jpeg,10537
/content/data3a/training/02-moderate/0059.JPEG,10899
/content/data3a/training/02-moderate/0072.jpeg,14157
/content/data3a/training/02-moderate/0248.JPEG,13162
/content/data3a/training/02-moderate/images (69).jpeg,14150
/content/data3a/training/02-moderate/0007.JPEG,6568
/content/data3a/training/02-moderate/0258.JPEG,8682
/content/data3a/training/02-moderate/0129.JPEG,13982
/content/data3a/training/02-moderate/0181.JPEG,10771
/content/data3a/training/02-moderate/images (105).jpeg,14771
/content/data3a/training/02-moderate/images (35).jpeg,5967
/content/data3a/training/02-moderate/0018.JPEG,9898
/content/data3a/training/02-moderate/0310.JPEG,10319
/content/data3a/training/02-moderate/0158.JPEG,7631
/content/data3a/training/02-moderate/0295.JPEG,6324
/content/data3a/training/02-moderate/0052.JPEG,7973
/content/data3a/training/02-moderate/images (63).jpeg,9621
/content/data3a/training/02-moderate/0020.JPEG,8306
/content/data3a/training/02-moderate/0165.JPEG,9425
/content/data3a/training/02-moderate/0160.JPEG,8502
/content/data3a/training/02-moderate/images (66).jpeg,6189
/content/data3a/training/02-moderate/0213.JPEG,6646
/content/data3a/training/02-moderate/0120.JPEG,12883
/content/data3a/training/02-moderate/download.jpeg,12552
/content/data3a/training/02-moderate/0314.JPEG,7999
/content/data3a/training/02-moderate/0204.JPEG,13339
/content/data3a/training/02-moderate/0231.JPEG,8533
/content/data3a/training/02-moderate/0068.JPEG,12978
/content/data3a/training/02-moderate/0285.JPEG,9458
/content/data3a/training/02-moderate/images (57).jpeg,14590
/content/data3a/training/02-moderate/0274.JPEG,11380
/content/data3a/training/02-moderate/0269.JPEG,5392
/content/data3a/training/02-moderate/0137.JPEG,11998
/content/data3a/training/02-moderate/images (1).jpeg,9315
/content/data3a/training/02-moderate/images (8).jpeg,14018
/content/data3a/training/02-moderate/c93652b2ded3483ebc823ffd2b3eb402_thb.jpg,8847
/content/data3a/training/02-moderate/images (4).jpeg,8801
/content/data3a/training/02-moderate/0286.JPEG,8807
/content/data3a/training/02-moderate/0288.JPEG,9699
/content/data3a/training/02-moderate/0003.JPEG,10041
/content/data3a/training/02-moderate/0237.JPEG,12120
/content/data3a/training/02-moderate/0225.JPEG,14543
/content/data3a/training/02-moderate/0078.JPEG,8591
/content/data3a/training/02-moderate/0096.JPEG,10538
/content/data3a/training/02-moderate/0035.JPEG,10358
/content/data3a/training/02-moderate/0110.JPEG,5964
/content/data3a/training/02-moderate/0185.jpeg,6463
/content/data3a/training/02-moderate/images - 2022-12-12T151413.301.jpeg,9230
/content/data3a/training/02-moderate/0038.JPEG,14307
/content/data3a/training/02-moderate/0144.JPEG,7384
/content/data3a/training/02-moderate/0076.JPEG,12865
/content/data3a/training/02-moderate/0159.JPEG,9526
/content/data3a/training/02-moderate/images (49).jpeg,10013
/content/data3a/training/02-moderate/images (28).jpeg,9878
/content/data3a/training/02-moderate/images (98).jpeg,10256
/content/data3a/training/02-moderate/0294.JPEG,12630
/content/data3a/training/02-moderate/0308.JPEG,13043
/content/data3a/training/02-moderate/0138.JPEG,12834
/content/data3a/training/02-moderate/0277.JPEG,5008
/content/data3a/training/02-moderate/4ac6b3f4fbb0418cb365fecb849b5ddf_thb.jpg,12016
/content/data3a/training/02-moderate/0017.JPEG,5841
/content/data3a/training/02-moderate/0132.JPEG,7795
/content/data3a/training/02-moderate/0196.JPEG,9471
/content/data3a/training/02-moderate/images (70).jpeg,10459
/content/data3a/training/02-moderate/0098.JPEG,8592
/content/data3a/training/02-moderate/0226.JPEG,7652
/content/data3a/training/02-moderate/0168.JPEG,10521
/content/data3a/training/02-moderate/0246.JPEG,6816
/content/data3a/training/02-moderate/images (112).jpeg,9983
/content/data3a/training/02-moderate/0115.JPEG,9765
/content/data3a/training/02-moderate/0278.jpeg,11019
/content/data3a/training/02-moderate/0080.jpeg,7148
/content/data3a/training/02-moderate/images (113).jpeg,12892
/content/data3a/training/02-moderate/0281.JPEG,14548
/content/data3a/training/02-moderate/0203.JPEG,10936
/content/data3a/training/02-moderate/0141.JPEG,11826
/content/data3a/training/02-moderate/0176.JPEG,12553
/content/data3a/training/02-moderate/images (93).jpeg,10126
/content/data3a/training/02-moderate/0211.JPEG,9355
/content/data3a/training/02-moderate/0304.JPEG,10361
/content/data3a/training/02-moderate/0271.JPEG,11642
/content/data3a/training/02-moderate/0273.JPEG,7906
/content/data3a/training/02-moderate/f600a5058cd94fbf8c5a1b2600199022_thb.jpg,10648
/content/data3a/training/02-moderate/0166.JPEG,12417
/content/data3a/training/02-moderate/0044.JPEG,5560
/content/data3a/training/02-moderate/images (109).jpeg,7474
/content/data3a/training/02-moderate/0216.JPEG,6577
/content/data3a/training/02-moderate/0122.JPEG,8157
/content/data3a/training/02-moderate/0010.JPEG,12243
/content/data3a/training/02-moderate/0114.JPEG,7440
/content/data3a/training/02-moderate/18d42df6c365413bb3e9d3c7a79fdf61_thb.jpg,8181
/content/data3a/training/02-moderate/images (73).jpeg,6860
/content/data3a/training/02-moderate/632bbda7c6314b97a49ba3af3712366f_thb.jpg,12898
/content/data3a/training/02-moderate/images (37).jpeg,6884
/content/data3a/training/02-moderate/images (91).jpeg,14398
/content/data3a/training/02-moderate/0074.JPEG,12350
/content/data3a/training/02-moderate/0292.JPEG,7904
/content/data3a/training/02-moderate/0087.jpeg,6957
/content/data3a/training/02-moderate/a93df47478d8427ebdae3c34fd99faa2_thb.jpg,13828
/content/data3a/training/02-moderate/0048.JPEG,14763
/content/data3a/training/02-moderate/0290.JPEG,11687
/content/data3a/training/02-moderate/0094.JPEG,11167
/content/data3a/training/02-moderate/images (38).jpeg,10250
/content/data3a/training/02-moderate/images - 2022-12-12T151412.931.jpeg,7881
/content/data3a/training/02-moderate/images (110).jpeg,8363
/content/data3a/training/02-moderate/images (59).jpeg,9876
/content/data3a/training/02-moderate/7a566f2a54cd4f228ec73698d19b6d42_thb.jpg,5003
/content/data3a/training/02-moderate/0136.JPEG,12051
/content/data3a/training/02-moderate/0050.JPEG,7733
/content/data3a/training/02-moderate/0270.JPEG,6330
/content/data3a/training/02-moderate/images (60).jpeg,10099
/content/data3a/training/02-moderate/0283.JPEG,8883
/content/data3a/training/02-moderate/images (82).jpeg,7986
/content/data3a/training/02-moderate/0134.JPEG,13180
/content/data3a/training/02-moderate/download (12).jpeg,7904
/content/data3a/training/02-moderate/download (3).jpeg,14977
/content/data3a/training/02-moderate/34b12abd905f4f8cb6385f45551cb994_thb.jpg,5239
/content/data3a/training/02-moderate/0267.jpeg,7044
/content/data3a/training/02-moderate/598d5b29cf964e9b96e6d6af1e2857db_thb.jpg,14588
/content/data3a/training/02-moderate/0175.JPEG,6030
/content/data3a/training/02-moderate/0192.JPEG,12894
/content/data3a/training/02-moderate/0282.JPEG,7449
/content/data3a/training/02-moderate/0201.JPEG,5641
/content/data3a/training/02-moderate/images (41).jpeg,6892
/content/data3a/training/02-moderate/0093.JPEG,11594
/content/data3a/training/02-moderate/0172.JPEG,6453
/content/data3a/training/02-moderate/0147.JPEG,7714
/content/data3a/training/02-moderate/0170.JPEG,8921
/content/data3a/training/02-moderate/images - 2022-12-12T151414.228.jpeg,14338
/content/data3a/training/02-moderate/0103.JPEG,10384
/content/data3a/training/02-moderate/images (47).jpeg,13323
/content/data3a/training/02-moderate/images (101).jpeg,8114
/content/data3a/training/02-moderate/0249.jpeg,8846
/content/data3a/training/02-moderate/images (86).jpeg,9375
/content/data3a/training/02-moderate/0209.JPEG,5968
/content/data3a/training/02-moderate/0232.JPEG,7137
/content/data3a/training/02-moderate/images (58).jpeg,6945
/content/data3a/training/02-moderate/5e958bd0-f875-4855-af2c-31c5b0ac2ab5.jpeg,8117
/content/data3a/training/02-moderate/aa2538583c724e36b724554e9945e9f7_thb.jpg,11181
/content/data3a/training/02-moderate/0086.JPEG,14249
/content/data3a/training/02-moderate/0041.JPEG,11585
/content/data3a/training/02-moderate/images (44).jpeg,11076
/content/data3a/training/02-moderate/images (103).jpeg,14503
/content/data3a/training/02-moderate/0193.JPEG,14635
/content/data3a/training/02-moderate/images - 2022-12-12T151420.761.jpeg,12141
/content/data3a/training/02-moderate/0091.JPEG,8034
/content/data3a/training/02-moderate/0212.JPEG,12481
/content/data3a/training/02-moderate/0199.JPEG,5392
/content/data3a/training/02-moderate/0014.JPEG,5277
/content/data3a/training/02-moderate/0253.jpeg,13793
/content/data3a/training/02-moderate/0150.JPEG,9107
/content/data3a/training/02-moderate/images - 2022-12-12T151414.507.jpeg,14764
/content/data3a/training/02-moderate/9b0e806d486540c0ad3d16ab567e044b_thb.jpg,7391
/content/data3a/training/02-moderate/722fc0bf-7493-4e6e-b101-67a0047b9b26.jpeg,13905
/content/data3a/training/02-moderate/0060.JPEG,13344
/content/data3a/training/02-moderate/images (26).jpeg,7062
/content/data3a/training/02-moderate/0027.JPEG,12978
/content/data3a/training/02-moderate/0126.JPEG,12352
/content/data3a/training/02-moderate/0301.JPEG,14859
/content/data3a/training/02-moderate/0272.JPEG,12581
/content/data3a/training/02-moderate/0169.JPEG,7794
/content/data3a/training/02-moderate/0105.JPEG,11859
/content/data3a/training/02-moderate/0186.JPEG,12665
/content/data3a/training/02-moderate/0198.JPEG,10971
/content/data3a/training/02-moderate/0223.JPEG,7429
/content/data3a/training/02-moderate/images (106).jpeg,5671
/content/data3a/training/02-moderate/0311.jpeg,14625
/content/data3a/training/02-moderate/0099.JPEG,7739
/content/data3a/training/02-moderate/0250.JPEG,13417
/content/data3a/training/02-moderate/0067.JPEG,7761
/content/data3a/training/02-moderate/images (45).jpeg,8619
/content/data3a/training/02-moderate/0128.jpeg,10726
/content/data3a/training/02-moderate/0240.JPEG,7754
/content/data3a/training/02-moderate/0187.JPEG,12182
/content/data3a/training/02-moderate/0300.JPEG,12479
/content/data3a/training/02-moderate/0005.JPEG,7816
/content/data3a/training/02-moderate/0036.JPEG,10854
/content/data3a/training/02-moderate/0025.JPEG,12142
/content/data3a/training/02-moderate/0289.JPEG,9103
/content/data3a/training/02-moderate/0183.JPEG,13890
/content/data3a/training/02-moderate/images (76).jpeg,12163
/content/data3a/training/02-moderate/0236.JPEG,5088
/content/data3a/training/02-moderate/0303.JPEG,9605
/content/data3a/training/02-moderate/images - 2022-12-12T151411.371.jpeg,5018
/content/data3a/training/02-moderate/0242.JPEG,9349
/content/data3a/training/02-moderate/0100.JPEG,9802
/content/data3a/training/02-moderate/images (71).jpeg,5323
/content/data3a/training/02-moderate/0026.JPEG,12583
/content/data3a/training/02-moderate/0104.JPEG,9858
/content/data3a/training/02-moderate/494249b9484e4704878d24027d565259_thb.jpg,12491
/content/data3a/training/02-moderate/0024.JPEG,8050
/content/data3a/training/02-moderate/0239.JPEG,13686
/content/data3a/training/02-moderate/images - 2022-12-12T151420.224.jpeg,8012
/content/data3a/training/02-moderate/download (10).jpeg,11250
/content/data3a/training/02-moderate/038ac5f01d694b8180fc6f0e2cc71976_thb.jpg,5847
/content/data3a/training/02-moderate/0081.JPEG,9648
/content/data3a/training/02-moderate/0207.JPEG,5708
/content/data3a/training/02-moderate/0084.jpeg,12632
/content/data3a/training/02-moderate/0112.JPEG,9058
/content/data3a/training/02-moderate/images - 2022-12-12T151412.846.jpeg,13407
/content/data3a/training/02-moderate/467fbd6dd7b148c1950833b4a472eef6_thb.jpg,6383
/content/data3a/training/02-moderate/0262.jpeg,10309
/content/data3a/training/02-moderate/images (39).jpeg,7869
/content/data3a/training/02-moderate/0280.JPEG,9668
/content/data3a/training/02-moderate/0296.JPEG,7956
/content/data3a/training/02-moderate/images (5).jpeg,14170
/content/data3a/training/02-moderate/0053.JPEG,7226
/content/data3a/training/02-moderate/images (7).jpeg,13280
/content/data3a/training/02-moderate/images (68).jpeg,5674
/content/data3a/training/02-moderate/0180.JPEG,9116
/content/data3a/training/02-moderate/0015.JPEG,10002
/content/data3a/training/02-moderate/0194.JPEG,14406
/content/data3a/training/02-moderate/images (52).jpeg,5205
/content/data3a/training/02-moderate/0118.JPEG,8900
/content/data3a/training/02-moderate/0307.JPEG,10326
/content/data3a/training/02-moderate/0245.JPEG,6937
/content/data3a/training/02-moderate/0109.JPEG,10631
/content/data3a/training/02-moderate/images (102).jpeg,14768
/content/data3a/training/02-moderate/8bfbee9445b040468ea596d7ffff7f04_thb.jpg,10579
/content/data3a/training/02-moderate/0210.JPEG,9023
/content/data3a/training/02-moderate/0011.JPEG,5658
/content/data3a/training/02-moderate/images (48).jpeg,13961
/content/data3a/training/02-moderate/0155.JPEG,10780
/content/data3a/training/02-moderate/0049.JPEG,13119
/content/data3a/training/02-moderate/0291.JPEG,7004
/content/data3a/training/02-moderate/0190.JPEG,12990
/content/data3a/training/02-moderate/images (53).jpeg,10362
/content/data3a/training/02-moderate/0065.JPEG,7180
/content/data3a/training/02-moderate/0251.jpeg,5315
/content/data3a/training/02-moderate/0056.JPEG,12564
/content/data3a/training/02-moderate/0042.JPEG,9791
/content/data3a/training/02-moderate/images (84).jpeg,11739
/content/data3a/training/02-moderate/images - 2022-12-12T151420.112.jpeg,8518
/content/data3a/training/02-moderate/images (99).jpeg,7513
/content/data3a/training/02-moderate/0066.JPEG,9258
/content/data3a/training/02-moderate/0108.JPEG,10764
/content/data3a/training/02-moderate/0222.JPEG,13961
/content/data3a/training/02-moderate/images (2).jpeg,5523
/content/data3a/training/02-moderate/0243.JPEG,6741
/content/data3a/training/02-moderate/0113.JPEG,14249
/content/data3a/training/02-moderate/images (78).jpeg,13434
/content/data3a/training/02-moderate/0117.JPEG,14791
/content/data3a/training/02-moderate/0162.JPEG,8349
/content/data3a/training/02-moderate/0047.JPEG,9534
/content/data3a/training/02-moderate/images (85).jpeg,8220
/content/data3a/training/02-moderate/0208.JPEG,11453
/content/data3a/training/02-moderate/images (24).jpeg,5757
/content/data3a/training/02-moderate/0261.JPEG,6702
/content/data3a/training/02-moderate/0233.JPEG,14474
/content/data3a/training/02-moderate/f80ae199fffc4d21b8d330152795ec8a_thb.jpg,10553
/content/data3a/training/02-moderate/images (94).jpeg,7608
/content/data3a/training/02-moderate/0252.JPEG,5072
/content/data3a/training/02-moderate/0063.JPEG,5246
/content/data3a/training/02-moderate/0149.JPEG,10975
/content/data3a/training/02-moderate/0106.JPEG,6450
/content/data3a/training/02-moderate/0179.JPEG,10692
/content/data3a/training/02-moderate/0085.jpeg,8067
/content/data3a/training/02-moderate/images (114).jpeg,13323
/content/data3a/training/02-moderate/0028.JPEG,5518
/content/data3a/training/02-moderate/0023.JPEG,10547
/content/data3a/training/02-moderate/0241.jpeg,14646
/content/data3a/training/02-moderate/0146.JPEG,8718
/content/data3a/training/02-moderate/0265.JPEG,8857
/content/data3a/training/02-moderate/0001.JPEG,14687
/content/data3a/training/02-moderate/images (50).jpeg,14799
/content/data3a/training/02-moderate/0130.JPEG,11844
/content/data3a/training/02-moderate/0075.JPEG,9328
/content/data3a/training/02-moderate/images (29).jpeg,13016
/content/data3a/training/02-moderate/0313.JPEG,9370
/content/data3a/training/02-moderate/0107.JPEG,13367
/content/data3a/training/02-moderate/1b8f18c3429f44d4a712f655443fc5ec_thb.jpg,5723
/content/data3a/training/02-moderate/0054.JPEG,5087
/content/data3a/training/02-moderate/images (55).jpeg,11372
/content/data3a/training/02-moderate/images (36).jpeg,9183
/content/data3a/training/02-moderate/0031.JPEG,5044
/content/data3a/training/03-severe/0206.JPEG,20643
/content/data3a/training/03-severe/0070.JPEG,39759
/content/data3a/training/03-severe/0069.JPEG,27360
/content/data3a/training/03-severe/0367.JPEG,33036
/content/data3a/training/03-severe/0061.JPEG,25128
/content/data3a/training/03-severe/0021.JPEG,18673
/content/data3a/training/03-severe/0046.JPEG,31922
/content/data3a/training/03-severe/0287.JPEG,22605
/content/data3a/training/03-severe/0224.JPEG,35228
/content/data3a/training/03-severe/0167.JPEG,17953
/content/data3a/training/03-severe/0355.JPEG,24589
/content/data3a/training/03-severe/0123.JPEG,24081
/content/data3a/training/03-severe/0006.JPEG,18070
/content/data3a/training/03-severe/0345.JPEG,26887
/content/data3a/training/03-severe/0058.JPEG,37974
/content/data3a/training/03-severe/0284.JPEG,17883
/content/data3a/training/03-severe/0379.JPEG,19989
/content/data3a/training/03-severe/0372.JPEG,34225
/content/data3a/training/03-severe/0102.JPEG,20865
/content/data3a/training/03-severe/0256.JPEG,27547
/content/data3a/training/03-severe/0351.JPEG,31580
/content/data3a/training/03-severe/0116.JPEG,16738
/content/data3a/training/03-severe/images - 2022-12-13T215956.583.jpeg,37806
/content/data3a/training/03-severe/0306.JPEG,15089
/content/data3a/training/03-severe/0309.JPEG,36533
/content/data3a/training/03-severe/0247.JPEG,24717
/content/data3a/training/03-severe/1383ec11b2a14fae9f3f37e7684b9f65_thb.jpg,24598
/content/data3a/training/03-severe/0279.JPEG,32593
/content/data3a/training/03-severe/0215.JPEG,34192
/content/data3a/training/03-severe/0344.JPEG,30604
/content/data3a/training/03-severe/0062.JPEG,15296
/content/data3a/training/03-severe/0360.JPEG,34391
/content/data3a/training/03-severe/0055.JPEG,25701
/content/data3a/training/03-severe/0148.JPEG,26829
/content/data3a/training/03-severe/images (17).jpeg,31738
/content/data3a/training/03-severe/0032.jpeg,18480
/content/data3a/training/03-severe/0189.JPEG,19841
/content/data3a/training/03-severe/0191.JPEG,18322
/content/data3a/training/03-severe/0177.JPEG,36779
/content/data3a/training/03-severe/0333.JPEG,22865
/content/data3a/training/03-severe/0156.JPEG,39963
/content/data3a/training/03-severe/0034.JPEG,32478
/content/data3a/training/03-severe/images (51).jpeg,26078
/content/data3a/training/03-severe/0153.JPEG,34535
/content/data3a/training/03-severe/0030.JPEG,18989
/content/data3a/training/03-severe/0186.jpeg,18076
/content/data3a/training/03-severe/0361.JPEG,22368
/content/data3a/training/03-severe/0254.JPEG,35055
/content/data3a/training/03-severe/0002.JPEG,21062
/content/data3a/training/03-severe/0037.JPEG,19482
/content/data3a/training/03-severe/0334.JPEG,29257
/content/data3a/training/03-severe/0260.JPEG,23338
/content/data3a/training/03-severe/0335.JPEG,31095
/content/data3a/training/03-severe/0127.JPEG,29479
/content/data3a/training/03-severe/0119.JPEG,32110
/content/data3a/training/03-severe/0140.JPEG,31166
/content/data3a/training/03-severe/0358.JPEG,39454
/content/data3a/training/03-severe/0220.JPEG,39375
/content/data3a/training/03-severe/0012.JPEG,28777
/content/data3a/training/03-severe/images (31).jpeg,27399
/content/data3a/training/03-severe/0033.jpeg,23914
/content/data3a/training/03-severe/images (34).jpeg,34918
/content/data3a/training/03-severe/images - 2022-12-13T215956.524.jpeg,28747
/content/data3a/training/03-severe/0057.JPEG,22740
/content/data3a/training/03-severe/0022.JPEG,26465
/content/data3a/training/03-severe/0097.JPEG,16468
/content/data3a/training/03-severe/0255.JPEG,29479
/content/data3a/training/03-severe/0185.JPEG,22960
/content/data3a/training/03-severe/0381.JPEG,22231
/content/data3a/training/03-severe/images (75).jpeg,33977
/content/data3a/training/03-severe/0305.JPEG,23738
/content/data3a/training/03-severe/0331.JPEG,28133
/content/data3a/training/03-severe/0194.jpeg,29024
/content/data3a/training/03-severe/0179.jpeg,26120
/content/data3a/training/03-severe/0013.JPEG,23903
/content/data3a/training/03-severe/0214.JPEG,21778
/content/data3a/training/03-severe/images (27).jpeg,23554
/content/data3a/training/03-severe/0297.JPEG,16218
/content/data3a/training/03-severe/0202.JPEG,15407
/content/data3a/training/03-severe/0348.JPEG,32057
/content/data3a/training/03-severe/0135.JPEG,18418
/content/data3a/training/03-severe/images (95).jpeg,33043
/content/data3a/training/03-severe/images - 2022-12-13T215957.376.jpeg,37958
/content/data3a/training/03-severe/0200.jpeg,16251
/content/data3a/training/03-severe/0101.JPEG,20011
/content/data3a/training/03-severe/0238.JPEG,34723
/content/data3a/training/03-severe/0326.JPEG,22914
/content/data3a/training/03-severe/0221.JPEG,25701
/content/data3a/training/03-severe/images - 2022-12-13T215957.222.jpeg,26816
/content/data3a/training/03-severe/0337.JPEG,31015
/content/data3a/training/03-severe/0178.JPEG,25619
/content/data3a/training/03-severe/0039.JPEG,19576
/content/data3a/training/03-severe/download (7).jpeg,33558
/content/data3a/training/03-severe/0008.JPEG,30700
/content/data3a/training/03-severe/0257.JPEG,23543
/content/data3a/training/03-severe/0380.JPEG,30156
/content/data3a/training/03-severe/0375.JPEG,34764
/content/data3a/training/03-severe/images (87).jpeg,27788
/content/data3a/training/03-severe/0054.jpeg,34033
/content/data3a/training/03-severe/0133.JPEG,17565
/content/data3a/training/03-severe/0040.JPEG,27261
/content/data3a/training/03-severe/0268.JPEG,33803
/content/data3a/training/03-severe/0051.JPEG,15157
/content/data3a/training/03-severe/0142.JPEG,26884
/content/data3a/training/03-severe/0218.JPEG,29427
/content/data3a/training/03-severe/0324.JPEG,28455
/content/data3a/training/03-severe/images (33).jpeg,21769
/content/data3a/training/03-severe/0336.JPEG,37250
/content/data3a/training/03-severe/0043.JPEG,35168
/content/data3a/training/03-severe/images (19).jpeg,28388
/content/data3a/training/03-severe/0073.JPEG,31502
/content/data3a/training/03-severe/0088.JPEG,36820
/content/data3a/training/03-severe/0227.JPEG,34727
/content/data3a/training/03-severe/0241.JPEG,19435
/content/data3a/training/03-severe/0230.JPEG,22393
/content/data3a/training/03-severe/0163.JPEG,31589
/content/data3a/training/03-severe/0299.JPEG,21216
/content/data3a/training/03-severe/0090.JPEG,30417
/content/data3a/training/03-severe/0365.JPEG,31359
/content/data3a/training/03-severe/0079.JPEG,33259
/content/data3a/training/03-severe/images (88).jpeg,21656
/content/data3a/training/03-severe/0350.JPEG,18399
/content/data3a/training/03-severe/images - 2022-12-13T215956.441.jpeg,38845
/content/data3a/training/03-severe/images - 2022-12-13T215957.318.jpeg,20289
/content/data3a/training/03-severe/0325.JPEG,35832
/content/data3a/training/03-severe/0071.JPEG,15460
/content/data3a/training/03-severe/0366.JPEG,23698
/content/data3a/training/03-severe/0302.JPEG,16747
/content/data3a/training/03-severe/0293.JPEG,23708
/content/data3a/training/03-severe/0229.JPEG,22471
/content/data3a/training/03-severe/0019.JPEG,33129
/content/data3a/training/03-severe/0192.jpeg,21590
/content/data3a/training/03-severe/0154.JPEG,22587
/content/data3a/training/03-severe/download (4).jpeg,27818
/content/data3a/training/03-severe/0298.JPEG,35288
/content/data3a/training/03-severe/images (89).jpeg,38138
/content/data3a/training/03-severe/0205.JPEG,16432
/content/data3a/training/03-severe/images (96).jpeg,33699
/content/data3a/training/03-severe/0124.JPEG,17515
/content/data3a/training/03-severe/images (43).jpeg,32465
/content/data3a/training/03-severe/0161.JPEG,27428
/content/data3a/training/03-severe/0111.JPEG,27970
/content/data3a/training/03-severe/0121.JPEG,37573
/content/data3a/training/03-severe/0235.JPEG,23370
/content/data3a/training/03-severe/0248.jpeg,31648
/content/data3a/training/03-severe/0174.JPEG,37973
/content/data3a/training/03-severe/images (92).jpeg,33679
/content/data3a/training/03-severe/0029.JPEG,24392
/content/data3a/training/03-severe/0125.JPEG,19667
/content/data3a/training/03-severe/0164.JPEG,38703
/content/data3a/training/03-severe/0083.JPEG,19210
/content/data3a/training/03-severe/0234.JPEG,34686
/content/data3a/training/03-severe/0276.JPEG,26428
/content/data3a/training/03-severe/0152.JPEG,38046
/content/data3a/training/03-severe/0275.JPEG,16375
/content/data3a/training/03-severe/0145.JPEG,35107
/content/data3a/training/03-severe/0263.JPEG,28765
/content/data3a/training/03-severe/0082.JPEG,35713
/content/data3a/training/03-severe/0004.JPEG,21018
/content/data3a/training/03-severe/images (97).jpeg,21685
/content/data3a/training/03-severe/images - 2022-12-13T215957.493.jpeg,27171
/content/data3a/training/03-severe/0131.JPEG,20872
/content/data3a/training/03-severe/0023.jpeg,24626
/content/data3a/training/03-severe/0009.JPEG,27430
/content/data3a/training/03-severe/images (3).jpeg,27075
/content/data3a/training/03-severe/0016.JPEG,26087
/content/data3a/training/03-severe/0319.JPEG,20651
/content/data3a/training/03-severe/0312.JPEG,24907
/content/data3a/training/03-severe/0151.JPEG,17084
/content/data3a/training/03-severe/0139.JPEG,15065
/content/data3a/training/03-severe/0251.JPEG,38820
/content/data3a/training/03-severe/0045.JPEG,36655
/content/data3a/training/03-severe/0244.JPEG,33235
/content/data3a/training/03-severe/images (25).jpeg,29575
/content/data3a/training/03-severe/0173.JPEG,26975
/content/data3a/training/03-severe/images - 2022-12-13T215956.300.jpeg,17678
/content/data3a/training/03-severe/0092.JPEG,20177
/content/data3a/training/03-severe/0259.JPEG,27332
/content/data3a/training/03-severe/0266.JPEG,34686
/content/data3a/training/03-severe/0157.JPEG,24876
/content/data3a/training/03-severe/0383.JPEG,29699
/content/data3a/training/03-severe/images - 2022-12-13T215956.652.jpeg,26222
/content/data3a/training/03-severe/0182.JPEG,28261
/content/data3a/training/03-severe/0195.JPEG,25418
/content/data3a/training/03-severe/0264.jpeg,20257
/content/data3a/training/03-severe/0217.jpeg,19922
/content/data3a/training/03-severe/0228.JPEG,25352
/content/data3a/training/03-severe/0184.JPEG,18357
/content/data3a/training/03-severe/0188.JPEG,34248
/content/data3a/training/03-severe/0219.JPEG,30695
/content/data3a/training/03-severe/0346.JPEG,25747
/content/data3a/training/03-severe/images (90).jpeg,21887
/content/data3a/training/03-severe/0059.JPEG,16994
/content/data3a/training/03-severe/0317.JPEG,23414
/content/data3a/training/03-severe/0084.JPEG,39147
/content/data3a/training/03-severe/download (13).jpeg,27155
/content/data3a/training/03-severe/0007.JPEG,39767
/content/data3a/training/03-severe/0258.JPEG,23652
/content/data3a/training/03-severe/0129.JPEG,24046
/content/data3a/training/03-severe/f5cd0b1161fd43a6bef6f80971e6689c_thb.jpg,24531
/content/data3a/training/03-severe/0080.JPEG,19487
/content/data3a/training/03-severe/0181.JPEG,34714
/content/data3a/training/03-severe/images - 2022-12-13T215957.643.jpeg,23095
/content/data3a/training/03-severe/images (35).jpeg,21926
/content/data3a/training/03-severe/0197.jpeg,28044
/content/data3a/training/03-severe/0018.JPEG,19983
/content/data3a/training/03-severe/0310.JPEG,30708
/content/data3a/training/03-severe/0158.JPEG,29191
/content/data3a/training/03-severe/0278.JPEG,29415
/content/data3a/training/03-severe/0295.JPEG,36793
/content/data3a/training/03-severe/0052.JPEG,28146
/content/data3a/training/03-severe/0020.JPEG,20442
/content/data3a/training/03-severe/0165.JPEG,23336
/content/data3a/training/03-severe/0160.JPEG,36818
/content/data3a/training/03-severe/0213.JPEG,24367
/content/data3a/training/03-severe/0120.JPEG,19697
/content/data3a/training/03-severe/0314.JPEG,34111
/content/data3a/training/03-severe/0236.jpeg,31752
/content/data3a/training/03-severe/0204.JPEG,36329
/content/data3a/training/03-severe/0231.JPEG,35651
/content/data3a/training/03-severe/0329.JPEG,24391
/content/data3a/training/03-severe/0068.JPEG,37386
/content/data3a/training/03-severe/0285.JPEG,30953
/content/data3a/training/03-severe/0274.JPEG,22981
/content/data3a/training/03-severe/0269.JPEG,20230
/content/data3a/training/03-severe/0137.JPEG,29398
/content/data3a/training/03-severe/0340.JPEG,27644
/content/data3a/training/03-severe/0376.JPEG,32156
/content/data3a/training/03-severe/0323.JPEG,31368
/content/data3a/training/03-severe/f81d1d37a9e44bc88828f8a6f323b6a8_thb.jpg,31450
/content/data3a/training/03-severe/0286.JPEG,27653
/content/data3a/training/03-severe/images - 2022-12-13T215957.532.jpeg,31043
/content/data3a/training/03-severe/0288.JPEG,35374
/content/data3a/training/03-severe/0049.jpeg,31575
/content/data3a/training/03-severe/0003.JPEG,27691
/content/data3a/training/03-severe/0237.JPEG,32668
/content/data3a/training/03-severe/0225.JPEG,27214
/content/data3a/training/03-severe/0341.JPEG,17095
/content/data3a/training/03-severe/0328.JPEG,29230
/content/data3a/training/03-severe/0078.JPEG,27497
/content/data3a/training/03-severe/0096.JPEG,19683
/content/data3a/training/03-severe/0035.JPEG,24152
/content/data3a/training/03-severe/0110.JPEG,28012
/content/data3a/training/03-severe/images (14).jpeg,39164
/content/data3a/training/03-severe/0038.JPEG,25051
/content/data3a/training/03-severe/0144.JPEG,35071
/content/data3a/training/03-severe/0076.JPEG,27449
/content/data3a/training/03-severe/0384.JPEG,26518
/content/data3a/training/03-severe/images (22).jpeg,33705
/content/data3a/training/03-severe/0364.JPEG,30667
/content/data3a/training/03-severe/0159.JPEG,36006
/content/data3a/training/03-severe/images (28).jpeg,29448
/content/data3a/training/03-severe/0294.JPEG,19191
/content/data3a/training/03-severe/0378.JPEG,21930
/content/data3a/training/03-severe/0138.JPEG,20195
/content/data3a/training/03-severe/0277.JPEG,23570
/content/data3a/training/03-severe/0017.JPEG,36922
/content/data3a/training/03-severe/0132.JPEG,25024
/content/data3a/training/03-severe/0349.JPEG,20444
/content/data3a/training/03-severe/0196.JPEG,16681
/content/data3a/training/03-severe/0098.JPEG,19834
/content/data3a/training/03-severe/0339.JPEG,30361
/content/data3a/training/03-severe/0226.JPEG,30697
/content/data3a/training/03-severe/0168.JPEG,31068
/content/data3a/training/03-severe/0246.JPEG,36137
/content/data3a/training/03-severe/images (21).jpeg,35813
/content/data3a/training/03-severe/0115.JPEG,36633
/content/data3a/training/03-severe/0357.JPEG,23351
/content/data3a/training/03-severe/0281.JPEG,26324
/content/data3a/training/03-severe/0203.JPEG,38229
/content/data3a/training/03-severe/0311.JPEG,24162
/content/data3a/training/03-severe/0141.JPEG,39032
/content/data3a/training/03-severe/0176.JPEG,32450
/content/data3a/training/03-severe/images (93).jpeg,36482
/content/data3a/training/03-severe/0211.JPEG,37981
/content/data3a/training/03-severe/0304.JPEG,20402
/content/data3a/training/03-severe/0271.JPEG,19830
/content/data3a/training/03-severe/0273.JPEG,29204
/content/data3a/training/03-severe/0095.JPEG,23244
/content/data3a/training/03-severe/0166.JPEG,15887
/content/data3a/training/03-severe/0044.JPEG,32277
/content/data3a/training/03-severe/0308.jpeg,23812
/content/data3a/training/03-severe/0216.JPEG,26331
/content/data3a/training/03-severe/0122.JPEG,34690
/content/data3a/training/03-severe/0010.JPEG,32751
/content/data3a/training/03-severe/024909e6f1af4f00be4ef420354291a3_thb.jpg,36768
/content/data3a/training/03-severe/0114.JPEG,29473
/content/data3a/training/03-severe/0377.JPEG,23415
/content/data3a/training/03-severe/0089.JPEG,16289
/content/data3a/training/03-severe/images (91).jpeg,38565
/content/data3a/training/03-severe/0320.JPEG,15446
/content/data3a/training/03-severe/0064.JPEG,33754
/content/data3a/training/03-severe/0171.jpeg,30245
/content/data3a/training/03-severe/0074.JPEG,32234
/content/data3a/training/03-severe/0292.JPEG,25648
/content/data3a/training/03-severe/0267.JPEG,19355
/content/data3a/training/03-severe/0316.JPEG,39721
/content/data3a/training/03-severe/0048.JPEG,29084
/content/data3a/training/03-severe/0290.JPEG,29877
/content/data3a/training/03-severe/0094.JPEG,20948
/content/data3a/training/03-severe/images (38).jpeg,23548
/content/data3a/training/03-severe/images - 2022-12-13T215956.873.jpeg,18484
/content/data3a/training/03-severe/0249.JPEG,22329
/content/data3a/training/03-severe/0136.JPEG,28068
/content/data3a/training/03-severe/images - 2022-12-13T215956.808.jpeg,33347
/content/data3a/training/03-severe/0050.JPEG,28836
/content/data3a/training/03-severe/0270.JPEG,33859
/content/data3a/training/03-severe/images - 2022-12-13T215957.415.jpeg,24728
/content/data3a/training/03-severe/0352.JPEG,26953
/content/data3a/training/03-severe/0283.JPEG,24549
/content/data3a/training/03-severe/0134.JPEG,23809
/content/data3a/training/03-severe/images (18).jpeg,27808
/content/data3a/training/03-severe/0072.JPEG,21556
/content/data3a/training/03-severe/0368.jpeg,30537
/content/data3a/training/03-severe/26618925bc5941c2bfd60423d024777a_thb.jpg,18216
/content/data3a/training/03-severe/0175.JPEG,30025
/content/data3a/training/03-severe/images (23).jpeg,38791
/content/data3a/training/03-severe/0143.JPEG,34219
/content/data3a/training/03-severe/0282.JPEG,19625
/content/data3a/training/03-severe/images (16).jpeg,20544
/content/data3a/training/03-severe/images - 2022-12-13T215957.142.jpeg,30800
/content/data3a/training/03-severe/0201.JPEG,26060
/content/data3a/training/03-severe/0093.JPEG,31003
/content/data3a/training/03-severe/0172.JPEG,30605
/content/data3a/training/03-severe/0147.JPEG,25267
/content/data3a/training/03-severe/0170.JPEG,28253
/content/data3a/training/03-severe/0103.JPEG,23348
/content/data3a/training/03-severe/0362.JPEG,29258
/content/data3a/training/03-severe/images (86).jpeg,20364
/content/data3a/training/03-severe/0209.JPEG,31697
/content/data3a/training/03-severe/0232.JPEG,28971
/content/data3a/training/03-severe/images (58).jpeg,30090
/content/data3a/training/03-severe/images (20).jpeg,32212
/content/data3a/training/03-severe/0086.JPEG,22264
/content/data3a/training/03-severe/0041.JPEG,20511
/content/data3a/training/03-severe/0193.JPEG,20049
/content/data3a/training/03-severe/0091.JPEG,22852
/content/data3a/training/03-severe/0212.JPEG,21896
/content/data3a/training/03-severe/0199.JPEG,16908
/content/data3a/training/03-severe/0014.JPEG,35593
/content/data3a/training/03-severe/0150.JPEG,29967
/content/data3a/training/03-severe/0327.JPEG,18561
/content/data3a/training/03-severe/images - 2022-12-13T215957.069.jpeg,15955
/content/data3a/training/03-severe/0060.JPEG,21214
/content/data3a/training/03-severe/0077.JPEG,16334
/content/data3a/training/03-severe/0027.JPEG,21445
/content/data3a/training/03-severe/0126.JPEG,15312
/content/data3a/training/03-severe/0301.JPEG,22769
/content/data3a/training/03-severe/0272.JPEG,26340
/content/data3a/training/03-severe/0382.JPEG,24135
/content/data3a/training/03-severe/0385.JPEG,35931
/content/data3a/training/03-severe/0169.JPEG,20435
/content/data3a/training/03-severe/0105.JPEG,33707
/content/data3a/training/03-severe/0318.JPEG,30195
/content/data3a/training/03-severe/0198.JPEG,28992
/content/data3a/training/03-severe/0374.JPEG,38244
/content/data3a/training/03-severe/0223.JPEG,20468
/content/data3a/training/03-severe/0108.jpeg,30389
/content/data3a/training/03-severe/0099.JPEG,27582
/content/data3a/training/03-severe/0250.JPEG,35301
/content/data3a/training/03-severe/0087.JPEG,21892
/content/data3a/training/03-severe/0067.JPEG,33732
/content/data3a/training/03-severe/0332.JPEG,34651
/content/data3a/training/03-severe/616576435732408489aa3b5c24e17de6_thb.jpg,38137
/content/data3a/training/03-severe/0373.JPEG,15870
/content/data3a/training/03-severe/0149.jpeg,19127
/content/data3a/training/03-severe/0240.JPEG,15092
/content/data3a/training/03-severe/0187.JPEG,30842
/content/data3a/training/03-severe/0300.JPEG,36390
/content/data3a/training/03-severe/0005.JPEG,30400
/content/data3a/training/03-severe/0036.JPEG,21536
/content/data3a/training/03-severe/0025.JPEG,28797
/content/data3a/training/03-severe/0289.JPEG,23323
/content/data3a/training/03-severe/0183.JPEG,25966
/content/data3a/training/03-severe/0303.JPEG,31743
/content/data3a/training/03-severe/0242.JPEG,23327
/content/data3a/training/03-severe/0100.JPEG,31859
/content/data3a/training/03-severe/0026.JPEG,39769
/content/data3a/training/03-severe/0104.JPEG,33675
/content/data3a/training/03-severe/0353.JPEG,21644
/content/data3a/training/03-severe/0024.JPEG,16730
/content/data3a/training/03-severe/images - 2022-12-13T215957.811.jpeg,20051
/content/data3a/training/03-severe/download (26).jpeg,36239
/content/data3a/training/03-severe/0239.JPEG,32017
/content/data3a/training/03-severe/0081.JPEG,25778
/content/data3a/training/03-severe/0207.JPEG,20990
/content/data3a/training/03-severe/0112.JPEG,31668
/content/data3a/training/03-severe/images (39).jpeg,19303
/content/data3a/training/03-severe/0280.JPEG,37209
/content/data3a/training/03-severe/0296.JPEG,32046
/content/data3a/training/03-severe/0053.JPEG,15662
/content/data3a/training/03-severe/0322.JPEG,17391
/content/data3a/training/03-severe/0343.JPEG,22415
/content/data3a/training/03-severe/images - 2022-12-12T151411.618.jpeg,21080
/content/data3a/training/03-severe/0262.JPEG,22996
/content/data3a/training/03-severe/0180.JPEG,36251
/content/data3a/training/03-severe/0015.JPEG,16965
/content/data3a/training/03-severe/0321.JPEG,33761
/content/data3a/training/03-severe/images (52).jpeg,16403
/content/data3a/training/03-severe/0118.JPEG,27110
/content/data3a/training/03-severe/0307.JPEG,21200
/content/data3a/training/03-severe/images - 2022-12-13T215956.943.jpeg,29821
/content/data3a/training/03-severe/0245.JPEG,20590
/content/data3a/training/03-severe/7ab26f4613e644e2a19884774ea42ab4_thb.jpg,17137
/content/data3a/training/03-severe/0347.JPEG,20148
/content/data3a/training/03-severe/0109.JPEG,29952
/content/data3a/training/03-severe/0210.JPEG,30746
/content/data3a/training/03-severe/0342.JPEG,21494
/content/data3a/training/03-severe/0011.JPEG,33619
/content/data3a/training/03-severe/0155.JPEG,21136
/content/data3a/training/03-severe/0253.JPEG,33981
/content/data3a/training/03-severe/0291.JPEG,21064
/content/data3a/training/03-severe/0190.JPEG,15323
/content/data3a/training/03-severe/images (15).jpeg,24524
/content/data3a/training/03-severe/images (53).jpeg,33535
/content/data3a/training/03-severe/0065.JPEG,34780
/content/data3a/training/03-severe/0056.JPEG,25505
/content/data3a/training/03-severe/0042.JPEG,32456
/content/data3a/training/03-severe/316a46d0d3c346acbeae81ff604abe86_thb.jpg,33830
/content/data3a/training/03-severe/0066.JPEG,36019
/content/data3a/training/03-severe/0222.JPEG,37531
/content/data3a/training/03-severe/0243.JPEG,38567
/content/data3a/training/03-severe/0330.JPEG,33985
/content/data3a/training/03-severe/0113.JPEG,23396
/content/data3a/training/03-severe/0356.JPEG,31519
/content/data3a/training/03-severe/0354.JPEG,29751
/content/data3a/training/03-severe/0117.JPEG,26805
/content/data3a/training/03-severe/0162.JPEG,39815
/content/data3a/training/03-severe/download (15).jpeg,35150
/content/data3a/training/03-severe/0047.JPEG,15492
/content/data3a/training/03-severe/0208.JPEG,16886
/content/data3a/training/03-severe/images (24).jpeg,18845
/content/data3a/training/03-severe/0313.jpeg,29569
/content/data3a/training/03-severe/0261.JPEG,34928
/content/data3a/training/03-severe/0233.JPEG,28530
/content/data3a/training/03-severe/images (94).jpeg,38345
/content/data3a/training/03-severe/images (42).jpeg,19772
/content/data3a/training/03-severe/0252.JPEG,17024
/content/data3a/training/03-severe/images (32).jpeg,29609
/content/data3a/training/03-severe/images (11).jpeg,31886
/content/data3a/training/03-severe/0063.JPEG,39071
/content/data3a/training/03-severe/download (8).jpeg,29231
/content/data3a/training/03-severe/0106.JPEG,20307
/content/data3a/training/03-severe/0359.JPEG,29935
/content/data3a/training/03-severe/0363.JPEG,28798
/content/data3a/training/03-severe/download (14).jpeg,25561
/content/data3a/training/03-severe/0371.JPEG,39255
/content/data3a/training/03-severe/0028.JPEG,17096
/content/data3a/training/03-severe/0146.JPEG,31659
/content/data3a/training/03-severe/0370.JPEG,29251
/content/data3a/training/03-severe/0265.JPEG,26746
/content/data3a/training/03-severe/0001.JPEG,24159
/content/data3a/training/03-severe/images (50).jpeg,15542
/content/data3a/training/03-severe/0130.JPEG,25650
/content/data3a/training/03-severe/0075.JPEG,22363
/content/data3a/training/03-severe/images (29).jpeg,34135
/content/data3a/training/03-severe/b20c00472d7d4254bd9ed326eec94587_thb.jpg,22483
/content/data3a/training/03-severe/0085.JPEG,24202
/content/data3a/training/03-severe/0107.JPEG,24695
/content/data3a/training/03-severe/cb08b40c4556456482bef99093fa7e29_thb.jpg,20443
/content/data3a/training/03-severe/0128.JPEG,19484
/content/data3a/training/03-severe/0315.JPEG,37134
/content/data3a/training/03-severe/f805107b874f40d3a3da7d25cfa524de_thb.jpg,23220
/content/data3a/training/03-severe/0369.JPEG,33489
/content/data3a/training/03-severe/0386.JPEG,22838
/content/data3a/training/03-severe/images (36).jpeg,15717
/content/data3a/training/03-severe/0031.JPEG,37085
/content/data3a/training/03-severe/0338.JPEG,38637
